set schema 'dhms';

INSERT INTO "diagnosis" (severity_level, name, description)
VALUES (5, ' Barrett Esophagus ', 'fames ac turpis egestas. Fusce'),
       (5, ' Bowen''s Disease ', 'eu eros. Nam consequat dolor vitae'),
       (1, ' Pick Disease of the Brain ', 'massa. Quisque porttitor eros nec tellus.'),
       (3, ' Adie Syndrome ', 'nec, mollis vitae, posuere at, velit. Cras'),
       (5, ' Wegener Granulomatosis ', 'velit. Pellentesque ultricies dignissim lacus. Aliquam rutrum lorem ac'),
       (5, ' Glycogen Storage Disease Type II ', 'nostra, per inceptos hymenaeos. Mauris'),
       (3, ' Rubinstein-Taybi Syndrome ', 'laoreet, libero et tristique pellentesque, tellus sem mollis'),
       (5, ' Pupil Disorders ', 'vel sapien imperdiet ornare. In'),
       (4, ' Brachial Plexus Neuropathies ', 'Mauris magna. Duis dignissim tempor arcu. Vestibulum'),
       (1, ' Asperger Syndrome ', 'lorem. Donec elementum, lorem ut aliquam iaculis, lacus pede'),
       (5, ' Hodgkin Disease ', 'sodales elit erat vitae risus. Duis a mi fringilla mi'),
       (3, ' Smith-Lemli-Opitz Syndrome ', 'eget mollis lectus pede et'),
       (4, ' Mucopolysaccharidosis I ', 'Suspendisse eleifend. Cras sed leo. Cras'),
       (1, ' Ebstein Anomaly ', 'vitae semper egestas, urna justo faucibus lectus, a'),
       (1, ' Hyperostosis, Diffuse Idiopathic Skeletal ', 'ante blandit viverra. Donec tempus,'),
       (2, ' Goldenhar Syndrome ', 'arcu ac orci. Ut semper pretium neque. Morbi quis urna.'),
       (5, ' Fox-Fordyce Disease ', 'mattis. Cras eget nisi dictum augue'),
       (4, ' Wolff-Parkinson-White Syndrome ', 'ridiculus mus. Donec dignissim magna a'),
       (3, ' Epidermal Necrolysis, Toxic ', 'Mauris magna. Duis dignissim tempor arcu. Vestibulum'),
       (5, ' Bloom Syndrome ', 'libero est, congue a, aliquet vel, vulputate eu, odio. Phasellus'),
       (2, ' Landau-Kleffner Syndrome ', 'urna et arcu imperdiet ullamcorper.'),
       (5, ' Thyroiditis, Autoimmune ', 'libero. Donec consectetuer mauris id sapien. Cras dolor'),
       (2, ' Amyotrophic Lateral Sclerosis ', 'adipiscing lacus. Ut nec urna'),
       (5, ' Werner Syndrome ', 'neque sed sem egestas blandit. Nam nulla magna, malesuada'),
       (1, ' Hepatolenticular Degeneration ', 'sit amet nulla. Donec non justo. Proin non massa non'),
       (4, ' Langer-Giedion Syndrome ', 'Aliquam tincidunt, nunc ac mattis ornare, lectus ante dictum mi,'),
       (3, ' Fusobacterium ', 'et, magna. Praesent interdum ligula eu enim. Etiam imperdiet'),
       (3, ' Williams Syndrome ', 'eget metus. In nec orci.'),
       (3, ' Colorectal Neoplasms, Hereditary Nonpolyposis ', 'ut, pellentesque eget, dictum placerat,'),
       (2, ' Pericarditis, Constrictive ', 'Sed nunc est, mollis non, cursus non, egestas'),
       (3, ' Ebstein Anomaly ', 'Integer vitae nibh. Donec est mauris, rhoncus id, mollis nec,'),
       (1, ' Marek Disease ', 'quis lectus. Nullam suscipit, est ac'),
       (4, ' Barrett Esophagus ', 'ante blandit viverra. Donec tempus, lorem fringilla ornare placerat, orci'),
       (3, ' Tolosa-Hunt Syndrome ', 'Donec tempus, lorem fringilla ornare'),
       (1, ' Huntington Disease ',
        'Aliquam erat volutpat. Nulla facilisis. Suspendisse commodo tincidunt nibh. Phasellus'),
       (2, ' Enchondromatosis ', 'sed dolor. Fusce mi lorem, vehicula et, rutrum'),
       (2, ' Pigmentation Disorders ', 'egestas a, dui. Cras pellentesque. Sed dictum. Proin eget'),
       (2, ' Angelman Syndrome ', 'dolor sit amet, consectetuer adipiscing elit. Curabitur sed tortor.'),
       (2, ' Friedreich Ataxia ', 'eu lacus. Quisque imperdiet, erat nonummy ultricies ornare, elit elit'),
       (5, ' Glycogen Storage Disease Type IV ', 'dolor dapibus gravida. Aliquam tincidunt, nunc ac mattis ornare,'),
       (5, ' Huntington Disease ', 'gravida sagittis. Duis gravida. Praesent eu'),
       (3, ' Tangier Disease ', 'urna. Ut tincidunt vehicula risus. Nulla eget'),
       (2, ' Fibrous Dysplasia, Polyostotic ',
        'tristique pharetra. Quisque ac libero nec ligula consectetuer rhoncus.'),
       (2, ' Behcet Syndrome ', 'tempus mauris erat eget ipsum. Suspendisse'),
       (3, ' Amyotrophic Lateral Sclerosis ', 'et magnis dis parturient montes, nascetur ridiculus mus.'),
       (4, ' Optic Atrophies, Hereditary ', 'suscipit, est ac facilisis facilisis, magna'),
       (2, ' Polyendocrinopathies, Autoimmune ', 'auctor odio a purus. Duis elementum,'),
       (1, ' Craniofacial Dysostosis ', 'molestie orci tincidunt adipiscing. Mauris molestie pharetra'),
       (1, ' Werner Syndrome ', 'neque. Morbi quis urna. Nunc quis arcu vel quam dignissim'),
       (1, ' Glycogen Storage Disease Type V ',
        'vitae, sodales at, velit. Pellentesque ultricies dignissim lacus. Aliquam'),
       (2, ' Dementia, Vascular ', 'Ut sagittis lobortis mauris. Suspendisse aliquet'),
       (2, ' Pick Disease of the Brain ', 'sagittis semper. Nam tempor diam dictum sapien. Aenean massa.'),
       (5, ' Broken Heart ', 'ultricies ligula. Nullam enim. Sed'),
       (4, ' Bloom Syndrome ', 'Phasellus dolor elit, pellentesque a, facilisis non, bibendum sed,'),
       (2, ' Reye Syndrome ', 'auctor velit. Aliquam nisl. Nulla eu neque'),
       (1, ' Charcot-Marie-Tooth Disease ', 'est, mollis non, cursus non, egestas a,'),
       (4, ' Glycogen Storage Disease Type IV ', 'nibh. Donec est mauris, rhoncus id, mollis'),
       (4, ' Hallermann''s Syndrome ', 'congue a, aliquet vel, vulputate');

INSERT INTO "ward" (ward_name, room_number)
VALUES ('Examination', 100),
       ('Examination', 101),
       ('Examination', 102),
       ('Examination', 103),
       ('Examination', 104),
       ('Examination', 105),
       ('Examination', 106),
       ('Examination', 120),
       ('Examination', 121),
       ('Examination', 122),
       ('Nursery', 101),
       ('Nursery', 102),
       ('Nursery', 103),
       ('Nursery', 114),
       ('Nursery', 115),
       ('Nursery', 116),
       ('Surgery', 101),
       ('Surgery', 102),
       ('Surgery', 103),
       ('Surgery', 104),
       ('Laboratory', 106),
       ('Laboratory', 105),
       ('Laboratory', 119);


INSERT INTO "doctor" (ssn, f_name, mid_name, l_name, add_street, add_no, add_zip_code, add_city, dob, start_date,
                      education, specialization, email, contact_f_name, contact_mid_name, contact_l_name, contact_phone,
                      password, ward_name, room_number)
VALUES (9255072583, 'Kelly', 'Powers', 'Russell', '387-1221 Non, St.', 87, '09941', 'San Francisco', '2021-10-04',
        '2020-09-18', 'Harvard University.', 'Obstetrician/gynecologists. ', 'id@arcu.edu', 'Kenneth', 'Cochran',
        'Barron', '106672477', 'mjw6HhNRD', 'Examination', 100),
       (8719176647, 'Nyssa', 'Beard', 'Howard', 'Ap #375-7029 Sed Av.', 39, '88131', 'Ramenskoye', '2022-02-04',
        '2021-07-05', 'Stanford University.', 'Endocrinologists. ', 'ultricies.sem.magna@Crasvulputate.org',
        'Clementine', 'Pierce', 'Schwartz', '787054308', 'kd6CkBTRL', 'Nursery', 101),
       (5850405830, 'Yoshio', 'Garrett', 'White', 'Ap #713-6129 Nunc St.', 49, '04443', 'Sellano', '2022-04-08',
        '2022-05-14', 'Stanford University.', 'Cardiologists. ', 'urna.Ut@sem.ca', 'Kibo', 'Macdonald', 'Walters',
        '161094503', 'ExhX4BpMs', 'Surgery', 102),
       (6584191292, 'Lucy', 'Harrington', 'Valencia', 'P.O. Box 833, 4366 A, Street', 46, '600026', 'Tiruvannamalai',
        '2020-11-25', '2021-01-09', 'Duke University.', 'Ophthalmologists. ', 'neque.Morbi.quis@temporaugueac.co.uk',
        'Anjolie', 'Mccray', 'Nunez', '615213828', 'AT7yuVF5p', 'Nursery', 103),
       (1279999823, 'Galena', 'Hicks', 'Norman', 'Ap #945-5686 Vestibulum St.', 93, '371541', 'Gaithersburg',
        '2020-11-10', '2020-08-25', 'Columbia University.', 'Gastroenterologists.', 'condimentum@nostraper.co.uk',
        'Leo', 'Lane', 'Pate', '205459586', 'AdSAe9tth', 'Examination', 104),
       (4461917887, 'Gwendolyn', 'Hodge', 'Barrera', '1059 Fusce Rd.', 2, '88251-446', 'Bonlez', '2020-07-13',
        '2020-08-15', 'Duke University.', 'Allergists', 'Aliquam.adipiscing@ipsum.org', 'Aphrodite', 'Serrano', 'Miles',
        '998342539', '5C7eHVP6t', 'Laboratory', 105),
       (5446477204, 'Sara', 'Melendez', 'Simpson', 'P.O. Box 362, 9854 Metus. Rd.', 31, '11779', 'Tarma', '2021-01-13',
        '2022-02-27', 'Columbia University.', 'Infectious disease doctors. ', 'amet.massa.Quisque@nonenim.net',
        'Bernard', 'Ortega', 'Mueller', '389549734', 'D7KjJ5SyMx', 'Examination', 106),
       (8501908351, 'Alea', 'Schwartz', 'Franks', '5821 Nec St.', 24, '69081-53838', 'Plymouth', '2020-09-17',
        '2021-01-30', 'Columbia University.', 'Obstetrician/gynecologists. ', 'Curabitur@eulacus.co.uk', 'Dalton',
        'Duncan', 'Lee', '052977431', 'mCJmCT3hed', 'Nursery', 116),
       (4980077419, 'Alfonso', 'Dixon', 'Lott', 'P.O. Box 474, 7648 Cubilia St.', 46, '1889 QT', 'Neiva', '2021-04-04',
        '2021-06-17', 'Harvard University.', 'Endocrinologists. ', 'faucibus.orci.luctus@egestasFuscealiquet.ca',
        'Deirdre', 'Martinez', 'Joseph', '107923342', 'DwQ7Y7cMj7', 'Nursery', 103),
       (8740354180, 'Lydia', 'Stanton', 'Pruitt', '540-559 Nec, Street', 86, '48448', 'Sissa', '2022-05-17',
        '2021-07-06', '', 'Ophthalmologists. ', 'felis@quisdiamluctus.co.uk', 'Bruno', 'Holcomb', 'Martin',
        '048143544', 'HQk9YrE7Cy', 'Examination', 122),
       (2165117287, 'Molly', 'Rhodes', 'Black', 'P.O. Box 434, 5509 Quam Rd.', 46, '1027', 'Lidingo', '2021-08-09',
        '2020-07-19', 'Johns Hopkins University.', 'Dermatologists. ', 'cursus@risusDonec.ca', 'Len', 'Bridges',
        'Kaufman', '723463007', 'KG2DPt5V4Z', 'Examination', 120),
       (1670920841, 'Odysseus', 'Pennington', 'Edwards', 'Ap #845-8268 Magna. St.', 29, '8300', 'Buckingham',
        '2022-03-02', '2022-01-05', 'New York University (Grossman)', '',
        'habitant.morbi.tristique@semperetlacinia.com', 'Colin', 'Steele', 'James', '311746477', 'GsZUwGNy6p',
        'Laboratory', 119),
       (3666742622, 'Gage', 'Stephenson', 'Guy', '228-6782 Non, Street', 98, '59408', 'Musakhel', '2020-07-20',
        '2020-08-13', '', 'Obstetrician/gynecologists. ', 'Nulla.facilisis@tincidunt.ca', 'Ethan', 'Bush', 'Kramer',
        '003126832', 'CRBY9Ayu69', 'Surgery', 104),
       (8100166370, 'Beau', 'Mack', 'Gibbs', '7469 Vitae, Road', 74, 'Z8772', 'Owensboro', '2021-10-13', '2021-08-01',
        '', 'Ophthalmologists. ', 'malesuada.augue.ut@aliquetodioEtiam.edu', 'Nichole', 'Holloway', 'Austin',
        '897254942', 'gbxGFP5vCKr', 'Nursery', 114),
       (9412477551, 'Hiroko', 'Whitley', 'Lara', '953-4674 Dolor Rd.', 89, 'E3S 8M9', 'Collinas', '2020-05-21',
        '2021-09-22', 'Stanford University.', '', 'Maecenas@acipsumPhasellus.co.uk', 'Jeremy', 'Rhodes', 'Mcclure',
        '165938150', '8PLMJCTythm', 'Surgery', 101),
       (2455183223, 'Tad', 'Benton', 'Mcleod', '3818 Sem Rd.', 54, '58771', 'Hachy', '2021-02-02', '2021-06-30',
        'Columbia University.', 'Dermatologists. ', 'at.augue.id@ornaretortor.net', 'Remedios', 'Owens', 'Keller',
        '764205209', 'Ss76apTWx48', 'Surgery', 102),
       (1512835766, 'Rhonda', 'Leonard', 'Diaz', '6720 Fermentum Avenue', 39, '3905 UD', 'Madison', '2021-06-20',
        '2021-01-16', 'Harvard University.', 'Obstetrician/gynecologists. ', 'lacinia.orci.consectetuer@arcueuodio.com',
        'Cain', 'Weber', 'Larson', '838081780', 'TDLt6fKxc5V', 'Nursery', 116),
       (3161332682, 'Michael', 'Gibbs', 'Gilbert', '6898 Metus. Av.', 51, '08557', 'Neumünster', '2021-02-03',
        '2020-05-23', '', 'Infectious disease doctors. ', 'amet.faucibus.ut@Donecvitaeerat.edu', 'Eleanor', 'Case',
        'Marshall', '332544027', 'pXunN35mcMd', 'Examination', 122),
       (5640142295, 'Jaime', 'West', 'Schroeder', '5571 Quis Rd.', 6, '401889', 'Onitsha', '2021-01-21', '2020-05-25',
        'University of California--San Francisco.', 'Infectious disease doctors. ', 'auctor.Mauris@Duisami.edu',
        'Bernard', 'Silva', 'Mcmahon', '147737716', 'ZBQFj56EPcE', 'Examination', 120),
       (9109082343, 'Luke', 'Hurst', 'Calhoun', '5406 Luctus St.', 44, '34523', 'Merdorp', '2020-12-02', '2021-07-04',
        'New York University (Grossman)', 'Gastroenterologists.', 'semper@leo.co.uk', 'Angelica', 'Castaneda', 'Stein',
        '827932579', '9h4QuCReUgdm', 'Laboratory', 105),
       (9940905749, 'Hope', 'Robles', 'Patton', '8114 Placerat, Street', 96, '32712', 'Canmore', '2022-02-17',
        '2021-01-10', '', 'Cardiologists. ', 'vel.nisl@tristique.co.uk', 'Davis', 'Webster', 'Case', '803023626',
        'LV8aRyFtK2Mm', 'Nursery', 116),
       (5908584351, 'Isabella', 'Hutchinson', 'Dale', 'P.O. Box 218, 2936 Velit St.', 97, '38230-791', 'North Cowichan',
        '2020-12-19', '2020-07-20', 'Columbia University.', 'Cardiologists. ', 'nec.euismod.in@pulvinararcuet.com',
        'Cameron', 'Solomon', 'Griffith', '537058151', 'j3drbr7NGuB5', 'Surgery', 103),
       (9724321677, 'Avram', 'Terry', 'West', '980-325 Ut Av.', 4, '10964', 'Tryokhgorny', '2021-04-01', '2021-12-03',
        'University of Washington', 'Ophthalmologists', 'Integer@nisinibhlacinia.ca', 'Kaseem', 'Osborn', 'Horne',
        '646186386', 'TgD6kf5c7Ahe', 'Surgery', 102),
       (6839987913, 'Yoshi', 'Hooper', 'Hansen', 'P.O. Box 281, 5303 Consectetuer St.', 37, '74926', 'Rahim Yar Khan',
        '2021-06-06', '2020-08-09', 'Duke University.', 'Ophthalmologists. ',
        'vestibulum.lorem.sit@dignissimmagnaa.com', 'Rhona', 'Henson', 'Wise', '917337926', 'dQ8L9pVTEm72',
        'Examination', 106),
       (3775301643, 'Keefe', 'Moon', 'Roth', 'P.O. Box 652, 281 In Rd.', 18, '31664', 'San Demetrio Corone',
        '2021-04-10', '2020-08-05', 'Harvard University', 'Endocrinologists', 'tellus.lorem@mollisPhasellus.edu',
        'Oscar', 'Keith', 'Wilkerson', '925231078', 'Zh5qks5UaG4v', 'Surgery', 104),
       (4128742239, 'Henry', 'Vincent', 'Jones', 'P.O. Box 177, 4966 Ultrices, Av.', 3, '51312', 'Rostov', '2021-10-05',
        '2021-10-04', 'Stanford University.', 'Cardiologists. ', 'Fusce.mi.lorem@molestietortor.net', 'Channing',
        'Graham', 'Mcclure', '735905188', 'FM79RYxRfn5k ', 'Examination', 105);


INSERT INTO "nurse" (ssn, doctor_ssn, f_name, mid_name, l_name, add_street, add_no, add_zip_code, add_city, dob,
                     start_date,
                     education, experience, email, contact_f_name, contact_mid_name, contact_l_name, contact_phone,
                     password)
VALUES (3204872308, 9255072583, 'Kai', 'Lindsey', 'Townsend', 'P.O. Box 578, 9548 Montes, Road', 98, '395350',
        'Montreuil',
        '1980-09-10', '2021-09-13', 'Harvard University.', '6 years', 'nunc@ornare.org', 'Rinah', 'Bullock', 'Preston',
        '969864068', 'zKgP8YrH2Q6C'),
       (3748064772, null, 'Kim', 'Dominguez', 'Humphrey', '504-7946 Nec, Rd.', 84, '2002', 'Gualdo Cattaneo',
        '1954-05-03', '2021-02-13', 'Duke University.', '10 years', 'justo.Praesent.luctus@interdum.net', 'Charlotte',
        'Walter',
        'Matthews', '142746805', 'Dmkbnt55ryAQ'),
       (3295255427, 8719176647, 'Riley', 'Mcgee', 'Livingston', 'Ap #539-7816 Semper Ave', 46, '78531-73430', 'Gilgit',
        '1954-06-27', '2020-10-12', 'New York University (Grossman)', '5 years', 'Sed.nulla.ante@eu.org', 'Jamalia',
        'Brewer', 'Schneider', '957632692', 'DC3VfLtR4c6E'),
       (7623504917, null, 'Yuri', 'Merritt', 'Nolan', 'Ap #166-674 Tempus Street', 40, '96264', 'Rendsburg',
        '1954-01-05',
        '2021-10-03', 'Stanford University.', '1 year', 'eu.tellus.eu@dui.com', 'Colby', 'Woodward', 'Hardy',
        '651978537', 'FM79RYxRfn5k'),
       (6030582267, null, 'Nyssa', 'Wiley', 'Everett', '3220 Feugiat. St.', 1, '10700', 'Dannevirke',
        '1943-06-20',
        '2022-01-17', 'New York University (Grossman)', '9 years', 'cursus.Nunc.mauris@nec.co.uk', 'Victor', 'Keller',
        'Hill', '373845480', 'Zh5qks5UaG4v'),
       (7141662474, null, 'Isabelle', 'Booker', 'Noel', '617-8810 Interdum Av.', 92, '43142', 'Squillace',
        '1987-08-11',
        '2021-05-07', 'University of Washington.', '7 years', 'erat@eget.ca', 'Imogene', 'Barron', 'Watson',
        '867957637', 'dQ8L9pVTEm72'),
       (6537928415, 1279999823, 'Ima', 'Holden', 'Flowers', '771-9993 Id Av.', 41, '80088', 'Corte Brugnatella',
        '1956-12-08',
        '2022-02-28', 'Johns Hopkins University.', '2 years', 'Maecenas@Nullamvelitdui.co.uk', 'Martin', 'White',
        'Acevedo', '415026758', 'TgD6kf5c7Ahe'),
       (6684083787, 4461917887, 'Halee', 'Carter', 'Bradford', 'Ap #792-4367 Ac Avenue', 2, '723437',
        'Castiglione di Garfagnana',
        '1976-09-23', '2021-03-16', '', '7 years', 'pede@Curabituregestasnunc.edu', 'Robert', 'Carver', 'Vincent',
        '576531381', 'j3drbr7NGuB5'),
       (5561511192, 4461917887, 'Dara', 'Holman', 'Marsh', 'Ap #538-4004 Sit Rd.', 52, '80580-661', 'Dillenburg',
        '1976-01-30',
        '2020-07-23', 'University of Washington.', '5 years', 'auctor.velit.eget@vitaemauris.com', 'Piper', 'Davenport',
        'Watkins', '741306758', 'Q93rFxMnT2c6'),
       (4827713714, 5446477204, 'Ayanna', 'Knight', 'Ortega', 'Ap #156-6553 Pede Rd.', 71, '945550', 'Tolve',
        '1965-03-25',
        '2020-08-04', 'University of California--San Francisco.', '9 years',
        'Morbi.quis.urna@Aliquamfringillacursus.org', 'Sean', 'Talley', 'Kelley', '732448474', 'LV8aRyFtK2Mm'),
       (9937087373, null, 'Jaden', 'Estes', 'Gilbert', '572-9399 Eget, St.', 100, '78023', 'Melsbroek',
        '1991-11-16',
        '2020-12-03', 'Stanford University.', '8 years', 'nulla.Cras@arcu.net', 'Gisela', 'Kelly', 'White',
        '631207209', 'Dmkbnt55ryAQ'),
       (5800682361, 4980077419, 'Teegan', 'Sellers', 'Hess', 'P.O. Box 499, 7370 Et, St.', 67, '382327', 'Frankston',
        '1976-12-09',
        '2020-07-18', 'University of California--San Francisco.', '6 years', 'facilisis.non@duiin.edu', 'Janna',
        'Huffman', 'Barber', '219377030', 'mjw6HhNRD'),
       (2533080787, 8740354180, 'Sierra', 'George', 'Richardson', 'P.O. Box 757, 8231 Lectus. Ave', 53, '785433',
        'Nacimiento',
        '1954-10-12', '2020-09-18', 'New York University (Grossman)', '', 'Sed@SedmolestieSed.co.uk', 'Cade', 'Larsen',
        'Thornton', '574784701', 'kd6CkBTRL'),
       (2115114475, 2165117287, 'Ignacia', 'Graham', 'Sargent', '473-192 Id St.', 68, 'Z5977', 'Tauranga', '1976-09-27',
        '2020-01-09', 'New York University (Grossman)', '10 years', 'enim@cursuset.net', 'Scarlet', 'Rivas', 'Blake',
        '733513069', 'ExhX4BpMs'),
       (9669375382, 8740354180, 'Alana', 'Maynard', 'Sargent', '967-9512 Vitae Road', 22, '10109', 'Tual', '1965-02-05',
        '2020-02-05', 'Columbia University.', '', 'mattis.Integer.eu@acmetusvitae.org', 'Asher', 'Edwards', 'Foster',
        '554692825', 'AT7yuVF5p'),
       (1609602015, 1670920841, 'Halee', 'Mcclure', 'Curtis', 'Ap #519-9730 Est Rd.', 45, '98327', 'Yopal',
        '1951-02-01',
        '2021-09-04', 'Columbia University.', '4 years', 'commodo.at.libero@massaInteger.com', 'Asher', 'Petty',
        'Marsh', '104857055', 'AdSAe9tth'),
       (7569792157, 3666742622, 'Ingrid', 'Fry', 'Simmons', '464-5531 Enim Ave', 79, 'Z2152', 'Dubbo', '1956-09-17',
        '2020-1-2',
        'Johns Hopkins University.', '7 years', 'Suspendisse@ac.net', 'Thaddeus', 'Marsh', 'Barrett', '993166676',
        '5C7eHVP6t'),
       (2844880662, 8100166370, 'Iona', 'Forbes', 'Hensley', '125-7429 Nec, Road', 19, '15117', 'La Hulpe',
        '1976-05-21',
        '2021-08-15', 'University of California--San Francisco.', '10 years', 'urna@nuncsed.net', 'Fredericka', 'Cantu',
        'Simmons', '849440244', 'LV8aRyFtK2Mm'),
       (2164317222, 9109082343, 'Hilary', 'Mccray', 'Herman', 'P.O. Box 611, 5234 Quis Street', 14, '97201-633',
        'MŽlin',
        '1954-03-05', '2021-04-25', 'Johns Hopkins University.', '9 years', 'Nullam@nisi.org', 'Farrah', 'Freeman',
        'Calhoun', '261626656', 'D7KjJ5SyMx'),
       (4531447078, 9940905749, 'Roanna', 'Vance', 'Cochran', 'Ap #111-1557 Pellentesque Rd.', 28, '181416',
        'Lake Cowichan',
        '1965-07-25', '2021-12-16', 'Duke University.', '10 years', 'ante@ornare.ca', 'Nyssa', 'Flores', 'Golden',
        '871545827', 'mCJmCT3hed'),
       (2892777092, 5908584351, 'Emi', 'Mcpherson', 'Trevino', '736-2399 Molestie St.', 55, '03494', 'Bangalore',
        '1945-12-13',
        '2021-07-26', 'Stanford University.', '1 year', 'ut@non.co.uk', 'Hiram', 'Workman', 'Hughes', '326230646',
        'DwQ7Y7cMj7'),
       (9387394014, 5908584351, 'Skyler', 'Noble', 'Ortega', '628-5270 A, Street', 17, '50-882', 'Sant Omero',
        '1987-02-13',
        '2021-02-20', 'Harvard University.', '9 years', 'Nulla@primisin.org', 'Clare', 'Daniel', 'Hart', '735632564',
        'HQk9YrE7Cy'),
       (8675433420, 9724321677, 'Halee', 'Henson', 'Callahan', 'Ap #927-2824 Sem Road', 97, '93-183', 'Lieferinge',
        '1964-03-11',
        '2021-04-16', 'New York University (Grossman)', '3 years', 'nec@molestiedapibus.org', 'Tobias', 'Dominguez',
        'Pearson', '757110831', 'KG2DPt5V4Z'),
       (4059920104, 6839987913, 'Rylee', 'Rollins', 'Lambert', '4895 Tincidunt. Rd.', 85, '4475', 'Kızılcahamam',
        '1963-10-19',
        '2021-08-07', 'New York University (Grossman)', '4 years', 'Morbi@vitae.co.uk', 'Jonas', 'Cline', 'Simon',
        '753969159', 'GsZUwGNy6p'),
       (9851697483, 6839987913, 'Hedy', 'Sandoval', 'Valdez', '5120 Eget Av.', 86, 'V3G 0X7', 'Águas Lindas de Goiás',
        '1974-11-18',
        '2020-09-18', 'Harvard University.', '9 years', 'euismod.ac@neque.org', 'Alvin', 'Atkins', 'Lancaster',
        '693203986', 'CRBY9Ayu69'),
       (4107496097, 3775301643, 'Mari', 'Chandler', 'Cook', 'Ap #102-7639 Penatibus Street', 24, '73873', 'Segovia',
        '1983-03-18',
        '2020-12-20', 'Stanford University.', '9 years', 'eu.odio.Phasellus@Aenean.co.uk', 'Dana', 'Cortez', 'Foley',
        '861089955', 'gbxGFP5vCKr'),
       (1162104300, 3775301643, 'Lacota', 'Mayo', 'Joseph', '474-8922 Feugiat Rd.', 54, '7748', 'Lede', '1973-04-08',
        '2020-08-03',
        'Harvard University.', '8 years', 'vestibulum.massa.rutrum@Donec.co.uk', 'Tanner', 'Fitzpatrick', 'Pierce',
        '265291749', '8PLMJCTythm'),
       (5546869400, 3775301643, 'Chava', 'Delacruz', 'Mcintosh', 'P.O. Box 784, 3150 Varius St.', 27, '97029',
        'Bridgwater',
        '1934-03-17', '2021-12-05', 'Duke University.', '4 years', 'lacus@facilisis.co.uk', 'Dean', 'Townsend',
        'Hubbard', '477553334', 'Ss76apTWx48'),
       (2404302506, 4128742239, 'Zoe', 'Huber', 'Love', 'P.O. Box 811, 9865 Tellus St.', 25, '13755',
        'Mont-Saint-Guibert',
        '1983-12-09', '2021-12-10', 'Johns Hopkins University.', '4 years', 'ullamcorper@Nullamutnisi.ca', 'Cade',
        'Huffman', 'Hensley', '715922162', 'TDLt6fKxc5V'),
       (8708715537, 4128742239, 'Holly', 'Finley', 'Leach', 'P.O. Box 109, 180 Natoque Road', 21, '958042', 'Beigem',
        '1967-09-27',
        '2021-01-04', 'Stanford University.', '1 year', 'purus.Maecenas@enim.ca', 'Amity', 'Delaney', 'Espinoza',
        '708846385', '9h4QuCReUgdm'),
       (8254297307, 1670920841, 'Cameran', 'Durham', 'Mercer', 'P.O. Box 205, 9082 Eget, Road', 7, '285351', 'Ravels',
        '1983-08-14',
        '2020-12-14', 'New York University (Grossman)', '9 years', 'ipsum@ametorci.co.uk', 'Jerry', 'Gay', 'Lambert',
        '608745704', 'LV8aRyFtK2Mm');

INSERT INTO "patient" (ssn, f_name, mid_name, l_name, add_street, add_no, add_zip_code, add_city, dob, gender,
                       blood_type, contact_f_name, contact_mid_name, contact_l_name, contact_phone, medical_description)
VALUES (9203624095, 'Noelani', 'Schwartz', 'Mayo', '501-4879 Nullam Av.', 11, '8073', 'Karak', '2020-06-03', 'F', 'B+',
        'Yuli', 'Mcclain', 'Meyer', '122997211',
        'et malesuada fames ac turpis egestas. Fusce aliquet magna a neque. Nullam ut nisi a odio semper cursus. Integer mollis.'),
       (6129571113, 'Shaeleigh', 'Lancaster', 'Middleton', 'P.O. Box 616, 9300 Metus. Rd.', 12, 'Z6001', 'Sahiwal',
        '2020-07-12', 'M', 'A-', 'Winifred', 'Cain', 'Mckinney', '555838722',
        'accumsan laoreet ipsum. Curabitur consequat, lectus sit amet luctus vulputate, nisi sem semper erat, in consectetuer ipsum nunc'),
       (2816003363, 'Shea', 'Farrell', 'Pittman', '349-6425 Phasellus St.', 58, '68827', 'Jalna', '2020-09-06', 'O',
        'AB+', 'Ahmed', 'Gross', 'Stephens', '921229103',
        'mollis. Duis sit amet diam eu dolor egestas rhoncus. Proin nisl sem, consequat nec, mollis vitae,'),
       (9670067847, 'Laurel', 'Glenn', 'Maddox', '425-2306 Nisl St.', 60, '78037', 'Pierrefonds', '2021-02-19', 'O',
        'B+', 'Jasper', 'Puckett', 'Valenzuela', '676461157',
        'ante. Maecenas mi felis, adipiscing fringilla, porttitor vulputate, posuere vulputate, lacus. Cras interdum. Nunc sollicitudin commodo ipsum. Suspendisse'),
       (6098121727, 'Priscilla', 'Duke', 'Fulton', 'Ap #450-7508 Felis Ave', 95, '36934', 'Inveraray', '2021-04-03',
        'M', 'AB+', 'Catherine', 'Gilbert', 'Bradford', '909976872',
        'eget, dictum placerat, augue. Sed molestie. Sed id risus quis diam luctus lobortis. Class aptent taciti sociosqu ad litora torquent'),
       (4056572649, 'Denise', 'Parker', 'Byers', 'P.O. Box 768, 4518 Primis Road', 42, '20715', 'Vaulx-lez-Chimay',
        '2020-11-15', 'M', 'B-', 'Shoshana', 'Flynn', 'Elliott', '774099469',
        'non lorem vitae odio sagittis semper. Nam tempor diam dictum sapien. Aenean massa. Integer vitae nibh. Donec est'),
       (5362351438, 'Alma', 'Whitley', 'Barrera', '336-7036 Donec St.', 41, '79322', 'Wambeek', '2021-04-12', 'F',
        'AB+', 'Ryan', 'Underwood', 'Kane', '992916003',
        'in consectetuer ipsum nunc id enim. Curabitur massa. Vestibulum accumsan neque et nunc. Quisque ornare tortor at risus. Nunc'),
       (6739804525, 'Chantale', 'Slater', 'Koch', 'P.O. Box 817, 4263 Velit. Rd.', 84, '96261', 'Shrewsbury',
        '2020-09-08', 'F', 'AB+', 'Rigel', 'Harding', 'Serrano', '099788404',
        'vel turpis. Aliquam adipiscing lobortis risus. In mi pede, nonummy ut, molestie in, tempus eu, ligula. Aenean euismod mauris eu'),
       (1510938441, 'Althea', 'Harrell', 'Bolton', 'Ap #646-1484 Euismod Rd.', 2, '98-520', 'Chesapeake', '2021-09-01',
        'O', 'A-', 'Victoria', 'Kidd', 'Wilder', '226661122',
        'euismod et, commodo at, libero. Morbi accumsan laoreet ipsum. Curabitur consequat, lectus sit amet luctus'),
       (2269167513, 'Lisandra', 'Porter', 'Sloan', '6878 Malesuada St.', 12, '675125', 'Bajaur Agency', '2021-02-07',
        'M', 'B-', 'Florence', 'Hendrix', 'Avila', '543082321',
        'tristique pellentesque, tellus sem mollis dui, in sodales elit erat vitae risus. Duis a mi fringilla mi lacinia'),
       (9195330945, 'Vanna', 'Gutierrez', 'Mcmillan', 'Ap #580-5287 Faucibus Ave', 57, '488509', 'Erembodegem',
        '2021-02-10', 'M', 'AB+', 'Basia', 'Lambert', 'Larsen', '241622302',
        'Suspendisse eleifend. Cras sed leo. Cras vehicula aliquet libero. Integer in magna. Phasellus dolor elit, pellentesque'),
       (1856636939, 'Avye', 'Lindsay', 'Hansen', 'P.O. Box 322, 7202 Eros Av.', 42, '396536', 'Etawah', '2021-03-02',
        'O', 'B+', 'Lucian', 'Reynolds', 'Hunt', '003758218',
        'euismod ac, fermentum vel, mauris. Integer sem elit, pharetra ut, pharetra sed, hendrerit a, arcu. Sed et libero. Proin'),
       (4635513274, 'Ignacia', 'Foster', 'Fisher', 'Ap #127-5411 Eget, St.', 98, '94888-008', 'Rahim Yar Khan',
        '2022-03-08', 'O', 'AB-', 'Cody', 'Stanton', 'Morin', '204871396',
        'id risus quis diam luctus lobortis. Class aptent taciti sociosqu ad litora torquent per conubia nostra, per inceptos'),
       (5303740634, 'Cora', 'Neal', 'Steele', '653-2680 At Ave', 100, '29905', 'Doues', '2021-06-11', 'O', '0+', 'Hope',
        'Harrell', 'Morgan', '881803202',
        'interdum. Nunc sollicitudin commodo ipsum. Suspendisse non leo. Vivamus nibh dolor, nonummy ac, feugiat non, lobortis'),
       (9339410737, 'Kelsey', 'Henderson', 'Levine', 'P.O. Box 105, 1859 Nascetur Avenue', 92, '79-794',
        'San Juan de Girón', '2020-10-25', 'F', 'B-', 'Yeo', 'Morse', 'Chen', '665456306',
        'Nunc mauris sapien, cursus in, hendrerit consectetuer, cursus et, magna. Praesent interdum ligula eu enim. Etiam imperdiet dictum magna. Ut'),
       (8874775062, 'Ayanna', 'Wilson', 'Gibbs', 'P.O. Box 791, 8569 Non Rd.', 79, '6424', 'Kemerovo', '2020-07-26',
        'M', 'AB+', 'Dominique', 'Eaton', 'Vinson', '812537768',
        'ac mattis semper, dui lectus rutrum urna, nec luctus felis purus ac tellus. Suspendisse sed dolor. Fusce'),
       (3275799614, 'Jemima', 'Green', 'Gould', 'Ap #728-2509 Ante Avenue', 81, '78702', 'Breton', '2020-11-05', 'F',
        'B-', 'Ursula', 'Dixon', 'Dickson', '091072463',
        'sed orci lobortis augue scelerisque mollis. Phasellus libero mauris, aliquam eu, accumsan sed, facilisis vitae, orci. Phasellus dapibus quam'),
       (8323597550, 'Mary', 'Durham', 'Bernard', 'P.O. Box 863, 9618 Tincidunt Ave', 12, 'P9V 0G6', 'Seoul',
        '2022-02-02', 'F', 'A+', 'Gloria', 'Silva', 'Molina', '485553148',
        'Proin eget odio. Aliquam vulputate ullamcorper magna. Sed eu eros. Nam consequat dolor vitae dolor. Donec'),
       (6265754770, 'Susan', 'Mays', 'Briggs', 'P.O. Box 936, 1582 Sodales St.', 14, '8746', 'Carleton', '2022-03-09',
        'O', '0-', 'Hedda', 'Bates', 'Pacheco', '886605286',
        'dolor. Fusce mi lorem, vehicula et, rutrum eu, ultrices sit amet, risus. Donec nibh enim,'),
       (2714744131, 'Alexa', 'Baldwin', 'Workman', 'Ap #416-6141 Eros. Rd.', 76, '07209', 'Chittoor', '2021-10-03', 'M',
        'B-', 'Seth', 'Robbins', 'Russell', '174241994',
        'sit amet, consectetuer adipiscing elit. Curabitur sed tortor. Integer aliquam adipiscing lacus. Ut nec urna et arcu imperdiet ullamcorper.'),
       (6244724555, 'Alana', 'Payne', 'Terry', 'Ap #508-9323 Donec Road', 66, 'S7S 1N2', 'Afşin', '2022-01-30', 'O',
        '0-', 'Dorian', 'England', 'Leon', '957625741',
        'orci lobortis augue scelerisque mollis. Phasellus libero mauris, aliquam eu, accumsan sed, facilisis vitae, orci. Phasellus dapibus quam quis diam.'),
       (6441772666, 'Anika', 'Davidson', 'Ewing', '437-7251 Est Road', 5, '41616', 'Borghetto di Borbera', '2020-05-18',
        'M', 'B+', 'Boris', 'Pearson', 'Avila', '771721126',
        'Mauris non dui nec urna suscipit nonummy. Fusce fermentum fermentum arcu. Vestibulum ante ipsum primis in faucibus orci luctus'),
       (3140296532, 'Jacqueline', 'Cobb', 'Rodriquez', '241-8716 Nunc Avenue', 37, '26927', 'Salvador', '2020-09-05',
        'F', 'AB+', 'Anthony', 'Gamble', 'Kramer', '024606892',
        'dolor elit, pellentesque a, facilisis non, bibendum sed, est. Nunc laoreet lectus quis massa. Mauris'),
       (5110166125, 'Holly', 'Martinez', 'Townsend', '806-9197 Egestas. Rd.', 59, '29232', 'Wolfsburg', '2020-12-07',
        'M', 'A-', 'Tiger', 'Taylor', 'Witt', '958401833',
        'senectus et netus et malesuada fames ac turpis egestas. Fusce aliquet magna a neque. Nullam ut nisi a odio semper'),
       (7029314126, 'Illana', 'Luna', 'Cummings', '4716 Ac Avenue', 60, '15253', 'Coatzacoalcos', '2021-01-13', 'F',
        'A+', 'Tashya', 'Golden', 'Willis', '935767224',
        'Sed eget lacus. Mauris non dui nec urna suscipit nonummy. Fusce fermentum fermentum arcu. Vestibulum ante ipsum primis in faucibus'),
       (3139215820, 'Alea', 'Paul', 'Hancock', '2763 Taciti Ave', 73, '60574', 'Ancona', '2021-04-28', 'M', 'A+',
        'Caryn', 'Haley', 'Walton', '742987359',
        'tristique aliquet. Phasellus fermentum convallis ligula. Donec luctus aliquet odio. Etiam ligula tortor, dictum eu, placerat eget, venenatis'),
       (3399164710, 'Eve', 'Shields', 'Colon', 'Ap #962-1335 Ultrices St.', 42, '96821', 'Riesa', '2020-11-28', 'O',
        '0+', 'Sheila', 'Harrington', 'Murray', '298787608',
        'quam vel sapien imperdiet ornare. In faucibus. Morbi vehicula. Pellentesque tincidunt tempus risus. Donec egestas. Duis'),
       (7727906697, 'Bryar', 'Sharpe', 'Mccray', '2790 Suspendisse Road', 4, '71662', 'Barrie', '2022-03-25', 'F', '0-',
        'Hadassah', 'Baker', 'Santiago', '633985871',
        'Nulla semper tellus id nunc interdum feugiat. Sed nec metus facilisis lorem tristique aliquet. Phasellus fermentum convallis'),
       (1182198277, 'Kelsey', 'Perry', 'Fisher', '6674 Nunc Avenue', 44, '08140-143', 'Valladolid', '2021-10-19', 'M',
        '0-', 'Burke', 'Wiggins', 'Ayers', '826096181',
        'Duis gravida. Praesent eu nulla at sem molestie sodales. Mauris blandit enim consequat purus. Maecenas libero est, congue a,'),
       (1552323153, 'Maisie', 'Oneil', 'Rose', '5825 Malesuada Rd.', 91, '643948', 'Arsiè', '2021-05-31', 'F', 'A+',
        'Hammett', 'Velazquez', 'Barton', '072979305',
        'dui, in sodales elit erat vitae risus. Duis a mi fringilla mi lacinia mattis. Integer eu lacus.'),
       (6857841249, 'Desiree', 'Mendez', 'Joyce', '876-2784 Amet St.', 73, '4999', 'Blumenau', '2022-04-03', 'M', 'A-',
        'Kimberly', 'Hall', 'Berg', '069671195',
        'metus. In nec orci. Donec nibh. Quisque nonummy ipsum non arcu. Vivamus sit amet risus. Donec egestas. Aliquam nec enim.'),
       (1028389879, 'Barbara', 'Sullivan', 'Contreras', '265-4385 Diam. Street', 77, '32783-434', 'Centa San Nicolò',
        '2021-03-08', 'F', 'AB-', 'Brynn', 'Payne', 'Ryan', '454990661',
        'turpis. Nulla aliquet. Proin velit. Sed malesuada augue ut lacus. Nulla tincidunt, neque vitae semper egestas, urna justo faucibus lectus,'),
       (3605396725, 'Aline', 'Pickett', 'Bowers', '325-8659 Nunc Ave', 59, '5280', 'Alessandria', '2020-11-26', 'F',
        '0+', 'Zahir', 'Douglas', 'Hooper', '494157496',
        'tortor at risus. Nunc ac sem ut dolor dapibus gravida. Aliquam tincidunt, nunc ac mattis ornare, lectus'),
       (3256960899, 'Priscilla', 'Cote', 'Acevedo', '2322 Ac Ave', 43, '16114', 'Chépica', '2022-01-16', 'M', '0-',
        'Ferris', 'Pruitt', 'Hardy', '038588573',
        'tristique aliquet. Phasellus fermentum convallis ligula. Donec luctus aliquet odio. Etiam ligula tortor, dictum eu, placerat eget,'),
       (3197647751, 'Dawn', 'Merritt', 'Chang', 'P.O. Box 673, 4068 Semper Av.', 54, '10799', 'Boo', '2022-03-16', 'O',
        'B-', 'Noel', 'Travis', 'Stark', '111831016',
        'Proin vel arcu eu odio tristique pharetra. Quisque ac libero nec ligula consectetuer rhoncus. Nullam velit dui,'),
       (1328736337, 'MacKenzie', 'Hale', 'Moss', '851-2236 In Av.', 65, 'O0X 9SH', 'Ramskapelle', '2021-02-05', 'O',
        'B+', 'Chantale', 'Rush', 'Garrison', '978153101',
        'ullamcorper. Duis cursus, diam at pretium aliquet, metus urna convallis erat, eget tincidunt dui augue eu tellus. Phasellus elit pede,'),
       (8952646094, 'Ruth', 'Kirkland', 'Norris', '7755 Ante. St.', 13, '34339', 'Freiberg', '2021-02-20', 'F', 'B+',
        'Gage', 'Vargas', 'Stephens', '575813878',
        'elit, pellentesque a, facilisis non, bibendum sed, est. Nunc laoreet lectus quis massa. Mauris vestibulum,'),
       (2172008647, 'Tanisha', 'Branch', 'Chapman', 'Ap #649-1923 Sed St.', 54, '67499', 'Minturno', '2021-11-12', 'F',
        'AB+', 'Cadman', 'Tillman', 'England', '444877900',
        'sapien. Aenean massa. Integer vitae nibh. Donec est mauris, rhoncus id, mollis nec, cursus a, enim. Suspendisse aliquet, sem'),
       (4362996688, 'Heather', 'Houston', 'Jennings', '9027 Nam Ave', 58, '145271', 'Sromness', '2022-04-19', 'F', 'B-',
        'Bell', 'Singleton', 'Winters', '808368140',
        'viverra. Donec tempus, lorem fringilla ornare placerat, orci lacus vestibulum lorem, sit amet ultricies sem magna nec quam.'),
       (5101904295, 'Shea', 'Donaldson', 'Dillon', '255-6617 Nec Street', 62, '15229', 'Aisén', '2021-03-29', 'F', 'B-',
        'Bo', 'Murray', 'Rodgers', '806704086',
        'Nullam lobortis quam a felis ullamcorper viverra. Maecenas iaculis aliquet diam. Sed diam lorem, auctor quis, tristique ac,'),
       (4595117009, 'Samantha', 'Flowers', 'Clark', '312-9916 Phasellus Street', 60, '7746', 'Combarbalá', '2022-03-25',
        'F', '0+', 'Blaine', 'Boyer', 'Roberts', '052432887',
        'Sed neque. Sed eget lacus. Mauris non dui nec urna suscipit nonummy. Fusce fermentum fermentum'),
       (2934279708, 'Jordan', 'Bates', 'Mcdowell', 'Ap #172-4169 Auctor Street', 11, '766492', 'Bulandshahr',
        '2021-02-19', 'F', 'A+', 'Thomas', 'Bullock', 'Barr', '013906890',
        'odio semper cursus. Integer mollis. Integer tincidunt aliquam arcu. Aliquam ultrices iaculis odio. Nam interdum enim'),
       (4084442265, 'Shoshana', 'Workman', 'Weaver', 'P.O. Box 814, 5631 Orci, Rd.', 77, '7397', 'Bothey', '2020-08-18',
        'O', 'AB-', 'Eric', 'Matthews', 'Prince', '506015509',
        'Vivamus euismod urna. Nullam lobortis quam a felis ullamcorper viverra. Maecenas iaculis aliquet diam. Sed diam lorem, auctor'),
       (8710581530, 'Christine', 'Fry', 'Norton', 'P.O. Box 167, 7707 Scelerisque, Ave', 48, '30513', 'Annan',
        '2020-11-04', 'O', '0+', 'Simon', 'Arnold', 'Molina', '375493861',
        'metus eu erat semper rutrum. Fusce dolor quam, elementum at, egestas a, scelerisque sed, sapien. Nunc pulvinar arcu et'),
       (2929779806, 'Kalia', 'Herring', 'Richard', '616-5361 Morbi Rd.', 62, '5982', 'Caen', '2021-08-29', 'M', '0-',
        'Brynn', 'Maddox', 'Mcgee', '311325558',
        'hendrerit neque. In ornare sagittis felis. Donec tempor, est ac mattis semper, dui lectus rutrum urna, nec luctus felis purus'),
       (7503693133, 'Kyla', 'Ford', 'Macdonald', '7064 Ac Av.', 21, '11185', 'Lambayeque', '2021-10-05', 'M', '0+',
        'Orlando', 'Battle', 'Mooney', '073455454',
        'vel pede blandit congue. In scelerisque scelerisque dui. Suspendisse ac metus vitae velit egestas lacinia.'),
       (2314822198, 'Nell', 'Bush', 'Pugh', 'P.O. Box 945, 3502 Morbi Ave', 2, '55407', 'Mardan', '2022-01-08', 'F',
        '0-', 'Christian', 'Carver', 'Harvey', '643403090',
        'ad litora torquent per conubia nostra, per inceptos hymenaeos. Mauris ut quam vel sapien imperdiet ornare. In faucibus. Morbi'),
       (2800281485, 'Dominique', 'Ochoa', 'Flynn', '684-4555 Interdum. Av.', 76, '1141', 'HŽvillers', '2022-04-20', 'F',
        'B-', 'Geraldine', 'Compton', 'Olson', '953618470',
        'semper egestas, urna justo faucibus lectus, a sollicitudin orci sem eget massa. Suspendisse eleifend. Cras sed leo. Cras vehicula'),
       (2865213425, 'Ava', 'Hinton', 'Valenzuela', 'Ap #530-3252 Magna, Road', 23, '08697-67331', 'Freirina',
        '2020-11-01', 'O', 'B-', 'Brianna', 'Bright', 'Burks', '934494086',
        'pretium et, rutrum non, hendrerit id, ante. Nunc mauris sapien, cursus in, hendrerit consectetuer, cursus'),
       (9900279343, 'Allegra', 'Hubbard', 'Lester', 'P.O. Box 284, 8203 Dui, Street', 11, '20965', 'Roosbeek',
        '2020-12-30', 'M', 'AB+', 'Zahir', 'Rasmussen', 'Daniel', '676693760',
        'quam a felis ullamcorper viverra. Maecenas iaculis aliquet diam. Sed diam lorem, auctor quis, tristique ac, eleifend vitae,'),
       (7311150115, 'Quynn', 'Haley', 'Oconnor', 'Ap #493-5305 Ligula. Av.', 42, '25425', 'Bowling Green', '2020-06-22',
        'F', '0+', 'Nina', 'Sims', 'Bush', '031065238',
        'sagittis. Nullam vitae diam. Proin dolor. Nulla semper tellus id nunc interdum feugiat. Sed nec metus facilisis lorem tristique aliquet.'),
       (9044571607, 'Autumn', 'Bird', 'Farrell', '646-7800 Suscipit Road', 53, '10532', 'Argyle', '2022-03-25', 'F',
        'A-', 'Basia', 'Tran', 'Marks', '705395010',
        'tincidunt dui augue eu tellus. Phasellus elit pede, malesuada vel, venenatis vel, faucibus id, libero. Donec');

INSERT INTO "manager" (ssn, f_name, mid_name, l_name, add_street, add_no, add_zip_code, add_city, dob,
                       start_date, education, position, email, password, contact_f_name, contact_mid_name,
                       contact_l_name, contact_phone)
VALUES (1010101010, 'Sponge', 'Bob', 'SquarePants', 'Townsend', 34, 8700, 'Horsens', '1911-11-11', '2020-1-1', 'VIA UC',
        'CEO', 'ceo@ceo.com', 'Ceo12345', 'Peter', 'Per', 'Petersen', '09090909');

INSERT INTO "manager" (ssn, f_name, mid_name, l_name, add_street, add_no, add_zip_code, add_city, dob,
                       start_date, education, position, email, password, contact_f_name, contact_mid_name,
                       contact_l_name, contact_phone)
VALUES (4010101010, 'Patrick', '', 'Star', 'Nygade', 54, 8700, 'Horsens', '1999-11-11', '2019-2-4', 'VIA UC',
        'Office Manager', 'patrick@patrick.com', 'Patrick1', 'Jakob', '', 'Jakobsen', '97823489');

INSERT INTO treats (medication, description, doctor_ssn, patient_ssn, diagnosis_id, severity_level)
VALUES ('Drops', 'enim. Sed nulla ante, iaculis nec,', 8719176647, 2269167513, 1, 5),
       ('Cough syrup', 'vitae, orci. Phasellus dapibus', 1279999823, 1856636939, 2, 5),
       ('Capsule', 'ultricies ligula. Nullam enim.', 1279999823, 2269167513, 4, 3),
       ('Drops', 'Aliquam erat volutpat. Nulla', 4461917887, 1510938441, 12, 3),
       ('Cough syrup', 'ornare, lectus ante dictum mi, ac', 8100166370, 4635513274, 9, 4),
       ('Capsule', 'Nulla facilisis. Suspendisse commodo tincidunt', 6839987913, 1328736337, 40, 5),
       ('Tea', 'viverra. Donec tempus, lorem', 6839987913, 9900279343, 52, 2),
       ('Inhaler', 'Curabitur massa. Vestibulum accumsan neque', 4128742239, 8952646094, 54, 4),
       ('Tea', 'arcu. Sed et libero. Proin', 8740354180, 7029314126, 38, 2),
       ('Drops', 'malesuada vel, convallis', 8501908351, 3605396725, 40, 5),
       ('Inhaler', 'nibh enim, gravida sit', 5908584351, 8952646094, 46, 4),
       ('Aspirin', 'justo. Praesent luctus. Curabitur egestas', 1670920841, 8710581530, 26, 4),
       ('Aspirin', 'Aenean euismod mauris eu elit. Nulla', 5446477204, 2314822198, 14, 1),
       ('Inhaler', 'ultrices posuere cubilia Curae; Phasellus ornare.', 4980077419, 3605396725, 23, 2),
       ('Antibiotics', 'mattis velit justo nec', 6584191292, 4362996688, 27, 3);

INSERT INTO sample (type, deadline, priority, patient_ssn, result)
VALUES ('urine', '2020-07-12', 3, 9195330945, 'fames ac turpis egestas. Fusce'),
       ('stool', '2021-05-18', 2, 8874775062, ''),
       ('urine', '2021-05-11', 2, 2714744131, ''),
       ('stool', '2020-06-14', 4, 9670067847, ''),
       ('DNA', '2020-12-28', 3, 2714744131, 'sodales elit erat vitae risus. Duis a mi fringilla mi'),
       ('stool', '2021-07-25', 4, 2172008647, 'et, magna. Praesent interdum ligula eu enim. Etiam imperdiet'),
       ('stool', '2020-07-05', 1, 5101904295, ''),
       ('stool', '2020-05-25', 2, 4084442265, ''),
       ('stool', '2020-08-28', 4, 9900279343,
        'Aliquam erat volutpat. Nulla facilisis. Suspendisse commodo tincidunt nibh. Phasellus'),
       ('urine', '2021-01-28', 1, 9044571607, '');




INSERT INTO "appointed" (time_from, time_to, patient_ssn, doctor_ssn)
VALUES ('2021-08-19 11:09:31', '2021-08-19 12:09:31', 1510938441, 4461917887),
       ('2021-08-08 01:10:35', '2021-08-08 02:10:3', 4056572649, 8740354180),
       ('2021-08-19 05:06:24', '2021-08-19 06:06:24', 2269167513, 9412477551),
       ('2021-08-28 12:45:44', '2021-08-28 13:45:44', 9203624095, 8719176647),
       ('2021-08-03 06:32:33', '2021-08-03 07:32:33', 1510938441, 5908584351),
       ('2021-08-24 09:07:16', '2021-08-24 10:07:16', 2269167513, 4128742239),
       ('2021-08-04 04:31:38', '2021-08-04 05:31:38', 4056572649, 4980077419),
       ('2021-08-27 12:54:44', '2021-08-27 13:54:44', 6129571113, 5446477204),
       ('2021-08-01 07:18:02', '2021-08-01 08:18:02', 5362351438, 8501908351),
       ('2021-08-26 09:18:00', '2021-08-26 10:18:00', 5303740634, 2165117287),
       ('2021-08-11 05:10:56', '2021-08-11 06:10:56', 3275799614, 9412477551),
       ('2021-08-24 02:46:43', '2021-08-24 03:46:43', 8323597550, 8740354180),
       ('2021-08-30 05:22:01', '2021-08-30 06:22:01', 6244724555, 2455183223),
       ('2021-08-21 08:44:55', '2021-08-21 09:44:55', 3275799614, 6839987913),
       ('2021-08-04 02:01:27', '2021-08-04 03:01:27', 5110166125, 4128742239);

INSERT INTO "suffer_from" (date_from, date_to, patient_ssn, diagnosis_id, severity_level)
VALUES ('2021/06/04', '2021/07/10', 9670067847, 10, 1),
       ('2021/06/09', '2021/07/13', 2269167513, 12, 3),
       ('2021/06/07', '2021/07/14', 9339410737, 16, 2),
       ('2021/06/30', '2021/07/22', 6129571113, 14, 1),
       ('2021/06/11', '2021/07/11', 7029314126, 4, 3),
       ('2021/06/24', '2021/07/08', 8952646094, 26, 4),
       ('2021/06/09', '2021/07/19', 7503693133, 24, 5),
       ('2021/06/04', '2021/07/22', 9900279343, 35, 1),
       ('2021/06/23', '2021/07/22', 7311150115, 42, 3),
       ('2021/06/14', '2021/07/24', 9044571607, 43, 2),
       ('2021/06/28', '2021/07/30', 8952646094, 4, 3),
       ('2021/06/22', '2021/07/02', 4595117009, 8, 5),
       ('2021/06/30', '2021/07/21', 8952646094, 16, 2),
       ('2021/06/07', '2021/07/26', 3140296532, 7, 3),
       ('2021/06/25', '2021/07/30', 8323597550, 2, 5);

